Workbook

Sheet Youth Unemployment Rate (World 
A1: Entity | B1: Code | C1: Year | D1: Unemployment rate, ages 15-24
A2: India | B2: IND | C2: 1991 | D2: 20.18
A3: India | B3: IND | C3: 1992 | D3: 20.26
A4: India | B4: IND | C4: 1993 | D4: 20.35
A5: India | B5: IND | C5: 1994 | D5: 20.27
A6: India | B6: IND | C6: 1995 | D6: 20.2
A7: India | B7: IND | C7: 1996 | D7: 20.12
A8: India | B8: IND | C8: 1997 | D8: 20.19
A9: India | B9: IND | C9: 1998 | D9: 20.22
A10: India | B10: IND | C10: 1999 | D10: 20.19
A11: India | B11: IND | C11: 2000 | D11: 20.2
A12: India | B12: IND | C12: 2001 | D12: 20.42
A13: India | B13: IND | C13: 2002 | D13: 20.76
... A36: India | B36: IND | C36: 2025 | D36: 16.02

Sheet Overall (Adult) Unemployment Ra
A1: Entity | B1: Code | C1: Year | D1: Unemployment rate
A2: India | B2: IND | C2: 1991 | D2: 7.64
A3: India | B3: IND | C3: 1992 | D3: 7.65
A4: India | B4: IND | C4: 1993 | D4: 7.66
A5: India | B5: IND | C5: 1994 | D5: 7.59
A6: India | B6: IND | C6: 1995 | D6: 7.57
A7: India | B7: IND | C7: 1996 | D7: 7.54
A8: India | B8: IND | C8: 1997 | D8: 7.57
A9: India | B9: IND | C9: 1998 | D9: 7.6
A10: India | B10: IND | C10: 1999 | D10: 7.58
A11: India | B11: IND | C11: 2000 | D11: 7.59
A12: India | B12: IND | C12: 2001 | D12: 7.61
A13: India | B13: IND | C13: 2002 | D13: 7.68
... A36: India | B36: IND | C36: 2025 | D36: 4.22

Sheet Labour Force Participation Rate
A1: Entity | B1: Code | C1: Year | D1: Labor force participation rate
A2: India | B2: IND | C2: 1990 | D2: 57.94
A3: India | B3: IND | C3: 1991 | D3: 57.97
A4: India | B4: IND | C4: 1992 | D4: 58
A5: India | B5: IND | C5: 1993 | D5: 58.03
A6: India | B6: IND | C6: 1994 | D6: 58.06
A7: India | B7: IND | C7: 1995 | D7: 58.4
A8: India | B8: IND | C8: 1996 | D8: 58.73
A9: India | B9: IND | C9: 1997 | D9: 59.07
A10: India | B10: IND | C10: 1998 | D10: 59.4
A11: India | B11: IND | C11: 1999 | D11: 59.74
A12: India | B12: IND | C12: 2000 | D12: 60.08
A13: India | B13: IND | C13: 2001 | D13: 59.92
... A37: India | B37: IND | C37: 2025 | D37: 55.66

Sheet Male LFPR (ILO,WB)
A1: Entity | B1: Code | C1: Year | D1: Male labor force participation rate
A2: India | B2: IND | C2: 1990 | D2: 84.01
A3: India | B3: IND | C3: 1991 | D3: 83.98
A4: India | B4: IND | C4: 1992 | D4: 83.94
A5: India | B5: IND | C5: 1993 | D5: 83.9
A6: India | B6: IND | C6: 1994 | D6: 83.84
A7: India | B7: IND | C7: 1995 | D7: 83.93
A8: India | B8: IND | C8: 1996 | D8: 84.01
A9: India | B9: IND | C9: 1997 | D9: 84.08
A10: India | B10: IND | C10: 1998 | D10: 84.16
A11: India | B11: IND | C11: 1999 | D11: 84.23
A12: India | B12: IND | C12: 2000 | D12: 84.3
A13: India | B13: IND | C13: 2001 | D13: 83.92
... A37: India | B37: IND | C37: 2025 | D37: 77.62

Sheet Female LFPR (ILO,WB)
A1: Entity | B1: Code | C1: Year | D1: Female labor force participation rate
A2: India | B2: IND | C2: 1990 | D2: 30.26
A3: India | B3: IND | C3: 1991 | D3: 30.36
A4: India | B4: IND | C4: 1992 | D4: 30.48
A5: India | B5: IND | C5: 1993 | D5: 30.6
A6: India | B6: IND | C6: 1994 | D6: 30.74
A7: India | B7: IND | C7: 1995 | D7: 31.33
A8: India | B8: IND | C8: 1996 | D8: 31.93
A9: India | B9: IND | C9: 1997 | D9: 32.54
A10: India | B10: IND | C10: 1998 | D10: 33.16
A11: India | B11: IND | C11: 1999 | D11: 33.78
A12: India | B12: IND | C12: 2000 | D12: 34.4
A13: India | B13: IND | C13: 2001 | D13: 34.48
... A37: India | B37: IND | C37: 2025 | D37: 32.43

Sheet Employment by Sector (ILO,WB)
A1: Entity | B1: Code | C1: Year | D1: Agriculture | E1: Industry | F1: Services
A2: India | B2: IND | C2: 1991 | D2: 63.13 | E2: 14.58 | F2: 22.29
A3: India | B3: IND | C3: 1992 | D3: 62.9 | E3: 14.66 | F3: 22.44
A4: India | B4: IND | C4: 1993 | D4: 62.66 | E4: 14.76 | F4: 22.58
A5: India | B5: IND | C5: 1994 | D5: 62.37 | E5: 14.85 | F5: 22.78
A6: India | B6: IND | C6: 1995 | D6: 61.97 | E6: 15 | F6: 23.03
A7: India | B7: IND | C7: 1996 | D7: 61.51 | E7: 15.27 | F7: 23.22
A8: India | B8: IND | C8: 1997 | D8: 61.16 | E8: 15.47 | F8: 23.37
A9: India | B9: IND | C9: 1998 | D9: 60.65 | E9: 15.79 | F9: 23.56
A10: India | B10: IND | C10: 1999 | D10: 59.88 | E10: 16.31 | F10: 23.81
A11: India | B11: IND | C11: 2000 | D11: 59.61 | E11: 16.34 | F11: 24.05
A12: India | B12: IND | C12: 2001 | D12: 58.89 | E12: 16.75 | F12: 24.36
A13: India | B13: IND | C13: 2002 | D13: 58.21 | E13: 17.06 | F13: 24.74
... A36: India | B36: IND | C36: 2025 | D36: 41.63 | E36: 25.82 | F36: 32.56

Sheet GDP Per Capita Growth
A1: Entity | B1: Code | C1: Year | D1: GDP per capita growth (annual %)
A2: India | B2: IND | C2: 1991 | D2: -1.11
A3: India | B3: IND | C3: 1992 | D3: 3.26
A4: India | B4: IND | C4: 1993 | D4: 2.57
A5: India | B5: IND | C5: 1994 | D5: 4.5
A6: India | B6: IND | C6: 1995 | D6: 5.43
A7: India | B7: IND | C7: 1996 | D7: 5.42
A8: India | B8: IND | C8: 1997 | D8: 2.02
A9: India | B9: IND | C9: 1998 | D9: 4.15
A10: India | B10: IND | C10: 1999 | D10: 6.8
A11: India | B11: IND | C11: 2000 | D11: 1.91
A12: India | B12: IND | C12: 2001 | D12: 2.88
A13: India | B13: IND | C13: 2002 | D13: 1.94
... A35: India | B35: IND | C35: 2024 | D35: 5.55
A36: India | B36: IND | C36: 2025

Sheet Master Labour Data
A3: Year | B3: Youth Unemployment | C3: Adult Unemployment | D3: Female LFPR | E3: Male LFPR | F3: Total LFPR | G3: Agriculture | H3: Industry | I3: Service | J3: GDP Per Capita Growth (Annual%) | K3: Skill Mismatch Index | L3: Gender Gap | M3: Youth vulnerability Index | N3: Labour Market Stress Index
A4: 1991 | B4: =_xlfn.XLOOKUP(A4,'Youth Unemployment Rate (World '!C2,'Youth Unemployment Rate (World '!D2) -> 20.18 | C4: =_xlfn.XLOOKUP(A4,'Overall (Adult) Unemployment Ra'!C2,'Overall (Adult) Unemployment Ra'!D2) -> 7.64 | D4: =_xlfn.XLOOKUP(A4,'Female LFPR (ILO,WB)'!C3,'Female LFPR (ILO,WB)'!D3) -> 30.36 | E4: =_xlfn.XLOOKUP(A4,'Male LFPR (ILO,WB)'!C3,'Male LFPR (ILO,WB)'!D3) -> 83.98 | F4: =_xlfn.XLOOKUP(A4,'Labour Force Participation Rate'!C3,'Labour Force Participation Rate'!D3) -> 57.97 | G4: {=_xlfn.XLOOKUP(A4,'Employment by Sector (ILO,WB)'!C2,'Employment by Sector (ILO,WB)'!D2:F2)} -> 63.13 | H4: 14.58 | I4: 22.29 | J4: =_xlfn.XLOOKUP(A4,'GDP Per Capita Growth'!C2,'GDP Per Capita Growth'!D2) -> -1.11 | K4: =B4/C4 -> 2.6413613 | L4: =E4-D4 -> 53.62 | M4: =(B4+K4)/2 -> 11.410681 | N4: =(B4+C4+K4)/3 -> 10.153787
A5: 1992 | B5: =_xlfn.XLOOKUP(A5,'Youth Unemployment Rate (World '!C3,'Youth Unemployment Rate (World '!D3) -> 20.26 | C5: =_xlfn.XLOOKUP(A5,'Overall (Adult) Unemployment Ra'!C3,'Overall (Adult) Unemployment Ra'!D3) -> 7.65 | D5: =_xlfn.XLOOKUP(A5,'Female LFPR (ILO,WB)'!C4,'Female LFPR (ILO,WB)'!D4) -> 30.48 | E5: =_xlfn.XLOOKUP(A5,'Male LFPR (ILO,WB)'!C4,'Male LFPR (ILO,WB)'!D4) -> 83.94 | F5: =_xlfn.XLOOKUP(A5,'Labour Force Participation Rate'!C4,'Labour Force Participation Rate'!D4) -> 58 | G5: {=_xlfn.XLOOKUP(A5,'Employment by Sector (ILO,WB)'!C3,'Employment by Sector (ILO,WB)'!D3:F3)} -> 62.9 | H5: 14.66 | I5: 22.44 | J5: =_xlfn.XLOOKUP(A5,'GDP Per Capita Growth'!C3,'GDP Per Capita Growth'!D3) -> 3.26 | K5: =B5/C5 -> 2.648366 | L5: =E5-D5 -> 53.46 | M5: =(B5+K5)/2 -> 11.454183 | N5: =(B5+C5+K5)/3 -> 10.186122
A6: 1993 | B6: =_xlfn.XLOOKUP(A6,'Youth Unemployment Rate (World '!C4,'Youth Unemployment Rate (World '!D4) -> 20.35 | C6: =_xlfn.XLOOKUP(A6,'Overall (Adult) Unemployment Ra'!C4,'Overall (Adult) Unemployment Ra'!D4) -> 7.66 | D6: =_xlfn.XLOOKUP(A6,'Female LFPR (ILO,WB)'!C5,'Female LFPR (ILO,WB)'!D5) -> 30.6 | E6: =_xlfn.XLOOKUP(A6,'Male LFPR (ILO,WB)'!C5,'Male LFPR (ILO,WB)'!D5) -> 83.9 | F6: =_xlfn.XLOOKUP(A6,'Labour Force Participation Rate'!C5,'Labour Force Participation Rate'!D5) -> 58.03 | G6: {=_xlfn.XLOOKUP(A6,'Employment by Sector (ILO,WB)'!C4,'Employment by Sector (ILO,WB)'!D4:F4)} -> 62.66 | H6: 14.76 | I6: 22.58 | J6: =_xlfn.XLOOKUP(A6,'GDP Per Capita Growth'!C4,'GDP Per Capita Growth'!D4) -> 2.57 | K6: =B6/C6 -> 2.656658 | L6: =E6-D6 -> 53.3 | M6: =(B6+K6)/2 -> 11.503329 | N6: =(B6+C6+K6)/3 -> 10.222219
A7: 1994 | B7: =_xlfn.XLOOKUP(A7,'Youth Unemployment Rate (World '!C5,'Youth Unemployment Rate (World '!D5) -> 20.27 | C7: =_xlfn.XLOOKUP(A7,'Overall (Adult) Unemployment Ra'!C5,'Overall (Adult) Unemployment Ra'!D5) -> 7.59 | D7: =_xlfn.XLOOKUP(A7,'Female LFPR (ILO,WB)'!C6,'Female LFPR (ILO,WB)'!D6) -> 30.74 | E7: =_xlfn.XLOOKUP(A7,'Male LFPR (ILO,WB)'!C6,'Male LFPR (ILO,WB)'!D6) -> 83.84 | F7: =_xlfn.XLOOKUP(A7,'Labour Force Participation Rate'!C6,'Labour Force Participation Rate'!D6) -> 58.06 | G7: {=_xlfn.XLOOKUP(A7,'Employment by Sector (ILO,WB)'!C5,'Employment by Sector (ILO,WB)'!D5:F5)} -> 62.37 | H7: 14.85 | I7: 22.78 | J7: =_xlfn.XLOOKUP(A7,'GDP Per Capita Growth'!C5,'GDP Per Capita Growth'!D5) -> 4.5 | K7: =B7/C7 -> 2.6706192 | L7: =E7-D7 -> 53.1 | M7: =(B7+K7)/2 -> 11.47031 | N7: =(B7+C7+K7)/3 -> 10.176873
A8: 1995 | B8: =_xlfn.XLOOKUP(A8,'Youth Unemployment Rate (World '!C6,'Youth Unemployment Rate (World '!D6) -> 20.2 | C8: =_xlfn.XLOOKUP(A8,'Overall (Adult) Unemployment Ra'!C6,'Overall (Adult) Unemployment Ra'!D6) -> 7.57 | D8: =_xlfn.XLOOKUP(A8,'Female LFPR (ILO,WB)'!C7,'Female LFPR (ILO,WB)'!D7) -> 31.33 | E8: =_xlfn.XLOOKUP(A8,'Male LFPR (ILO,WB)'!C7,'Male LFPR (ILO,WB)'!D7) -> 83.93 | F8: =_xlfn.XLOOKUP(A8,'Labour Force Participation Rate'!C7,'Labour Force Participation Rate'!D7) -> 58.4 | G8: {=_xlfn.XLOOKUP(A8,'Employment by Sector (ILO,WB)'!C6,'Employment by Sector (ILO,WB)'!D6:F6)} -> 61.97 | H8: 15 | I8: 23.03 | J8: =_xlfn.XLOOKUP(A8,'GDP Per Capita Growth'!C6,'GDP Per Capita Growth'!D6) -> 5.43 | K8: =B8/C8 -> 2.668428 | L8: =E8-D8 -> 52.6 | M8: =(B8+K8)/2 -> 11.434214 | N8: =(B8+C8+K8)/3 -> 10.146143
A9: 1996 | B9: =_xlfn.XLOOKUP(A9,'Youth Unemployment Rate (World '!C7,'Youth Unemployment Rate (World '!D7) -> 20.12 | C9: =_xlfn.XLOOKUP(A9,'Overall (Adult) Unemployment Ra'!C7,'Overall (Adult) Unemployment Ra'!D7) -> 7.54 | D9: =_xlfn.XLOOKUP(A9,'Female LFPR (ILO,WB)'!C8,'Female LFPR (ILO,WB)'!D8) -> 31.93 | E9: =_xlfn.XLOOKUP(A9,'Male LFPR (ILO,WB)'!C8,'Male LFPR (ILO,WB)'!D8) -> 84.01 | F9: =_xlfn.XLOOKUP(A9,'Labour Force Participation Rate'!C8,'Labour Force Participation Rate'!D8) -> 58.73 | G9: {=_xlfn.XLOOKUP(A9,'Employment by Sector (ILO,WB)'!C7,'Employment by Sector (ILO,WB)'!D7:F7)} -> 61.51 | H9: 15.27 | I9: 23.22 | J9: =_xlfn.XLOOKUP(A9,'GDP Per Capita Growth'!C7,'GDP Per Capita Growth'!D7) -> 5.42 | K9: =B9/C9 -> 2.668435 | L9: =E9-D9 -> 52.08 | M9: =(B9+K9)/2 -> 11.394218 | N9: =(B9+C9+K9)/3 -> 10.109478
A10: 1997 | B10: =_xlfn.XLOOKUP(A10,'Youth Unemployment Rate (World '!C8,'Youth Unemployment Rate (World '!D8) -> 20.19 | C10: =_xlfn.XLOOKUP(A10,'Overall (Adult) Unemployment Ra'!C8,'Overall (Adult) Unemployment Ra'!D8) -> 7.57 | D10: =_xlfn.XLOOKUP(A10,'Female LFPR (ILO,WB)'!C9,'Female LFPR (ILO,WB)'!D9) -> 32.54 | E10: =_xlfn.XLOOKUP(A10,'Male LFPR (ILO,WB)'!C9,'Male LFPR (ILO,WB)'!D9) -> 84.08 | F10: =_xlfn.XLOOKUP(A10,'Labour Force Participation Rate'!C9,'Labour Force Participation Rate'!D9) -> 59.07 | G10: {=_xlfn.XLOOKUP(A10,'Employment by Sector (ILO,WB)'!C8,'Employment by Sector (ILO,WB)'!D8:F8)} -> 61.16 | H10: 15.47 | I10: 23.37 | J10: =_xlfn.XLOOKUP(A10,'GDP Per Capita Growth'!C8,'GDP Per Capita Growth'!D8) -> 2.02 | K10: =B10/C10 -> 2.667107 | L10: =E10-D10 -> 51.54 | M10: =(B10+K10)/2 -> 11.428554 | N10: =(B10+C10+K10)/3 -> 10.142369
A11: 1998 | B11: =_xlfn.XLOOKUP(A11,'Youth Unemployment Rate (World '!C9,'Youth Unemployment Rate (World '!D9) -> 20.22 | C11: =_xlfn.XLOOKUP(A11,'Overall (Adult) Unemployment Ra'!C9,'Overall (Adult) Unemployment Ra'!D9) -> 7.6 | D11: =_xlfn.XLOOKUP(A11,'Female LFPR (ILO,WB)'!C10,'Female LFPR (ILO,WB)'!D10) -> 33.16 | E11: =_xlfn.XLOOKUP(A11,'Male LFPR (ILO,WB)'!C10,'Male LFPR (ILO,WB)'!D10) -> 84.16 | F11: =_xlfn.XLOOKUP(A11,'Labour Force Participation Rate'!C10,'Labour Force Participation Rate'!D10) -> 59.4 | G11: {=_xlfn.XLOOKUP(A11,'Employment by Sector (ILO,WB)'!C9,'Employment by Sector (ILO,WB)'!D9:F9)} -> 60.65 | H11: 15.79 | I11: 23.56 | J11: =_xlfn.XLOOKUP(A11,'GDP Per Capita Growth'!C9,'GDP Per Capita Growth'!D9) -> 4.15 | K11: =B11/C11 -> 2.6605263 | L11: =E11-D11 -> 51 | M11: =(B11+K11)/2 -> 11.440263 | N11: =(B11+C11+K11)/3 -> 10.160175
A12: 1999 | B12: =_xlfn.XLOOKUP(A12,'Youth Unemployment Rate (World '!C10,'Youth Unemployment Rate (World '!D10) -> 20.19 | C12: =_xlfn.XLOOKUP(A12,'Overall (Adult) Unemployment Ra'!C10,'Overall (Adult) Unemployment Ra'!D10) -> 7.58 | D12: =_xlfn.XLOOKUP(A12,'Female LFPR (ILO,WB)'!C11,'Female LFPR (ILO,WB)'!D11) -> 33.78 | E12: =_xlfn.XLOOKUP(A12,'Male LFPR (ILO,WB)'!C11,'Male LFPR (ILO,WB)'!D11) -> 84.23 | F12: =_xlfn.XLOOKUP(A12,'Labour Force Participation Rate'!C11,'Labour Force Participation Rate'!D11) -> 59.74 | G12: {=_xlfn.XLOOKUP(A12,'Employment by Sector (ILO,WB)'!C10,'Employment by Sector (ILO,WB)'!D10:F10)} -> 59.88 | H12: 16.31 | I12: 23.81 | J12: =_xlfn.XLOOKUP(A12,'GDP Per Capita Growth'!C10,'GDP Per Capita Growth'!D10) -> 6.8 | K12: =B12/C12 -> 2.6635884 | L12: =E12-D12 -> 50.45 | M12: =(B12+K12)/2 -> 11.426794 | N12: =(B12+C12+K12)/3 -> 10.144529
A13: 2000 | B13: =_xlfn.XLOOKUP(A13,'Youth Unemployment Rate (World '!C11,'Youth Unemployment Rate (World '!D11) -> 20.2 | C13: =_xlfn.XLOOKUP(A13,'Overall (Adult) Unemployment Ra'!C11,'Overall (Adult) Unemployment Ra'!D11) -> 7.59 | D13: =_xlfn.XLOOKUP(A13,'Female LFPR (ILO,WB)'!C12,'Female LFPR (ILO,WB)'!D12) -> 34.4 | E13: =_xlfn.XLOOKUP(A13,'Male LFPR (ILO,WB)'!C12,'Male LFPR (ILO,WB)'!D12) -> 84.3 | F13: =_xlfn.XLOOKUP(A13,'Labour Force Participation Rate'!C12,'Labour Force Participation Rate'!D12) -> 60.08 | G13: {=_xlfn.XLOOKUP(A13,'Employment by Sector (ILO,WB)'!C11,'Employment by Sector (ILO,WB)'!D11:F11)} -> 59.61 | H13: 16.34 | I13: 24.05 | J13: =_xlfn.XLOOKUP(A13,'GDP Per Capita Growth'!C11,'GDP Per Capita Growth'!D11) -> 1.91 | K13: =B13/C13 -> 2.6613966 | L13: =E13-D13 -> 49.9 | M13: =(B13+K13)/2 -> 11.430698 | N13: =(B13+C13+K13)/3 -> 10.150466
A14: 2001 | B14: =_xlfn.XLOOKUP(A14,'Youth Unemployment Rate (World '!C12,'Youth Unemployment Rate (World '!D12) -> 20.42 | C14: =_xlfn.XLOOKUP(A14,'Overall (Adult) Unemployment Ra'!C12,'Overall (Adult) Unemployment Ra'!D12) -> 7.61 | D14: =_xlfn.XLOOKUP(A14,'Female LFPR (ILO,WB)'!C13,'Female LFPR (ILO,WB)'!D13) -> 34.48 | E14: =_xlfn.XLOOKUP(A14,'Male LFPR (ILO,WB)'!C13,'Male LFPR (ILO,WB)'!D13) -> 83.92 | F14: =_xlfn.XLOOKUP(A14,'Labour Force Participation Rate'!C13,'Labour Force Participation Rate'!D13) -> 59.92 | G14: {=_xlfn.XLOOKUP(A14,'Employment by Sector (ILO,WB)'!C12,'Employment by Sector (ILO,WB)'!D12:F12)} -> 58.89 | H14: 16.75 | I14: 24.36 | J14: =_xlfn.XLOOKUP(A14,'GDP Per Capita Growth'!C12,'GDP Per Capita Growth'!D12) -> 2.88 | K14: =B14/C14 -> 2.6833114 | L14: =E14-D14 -> 49.44 | M14: =(B14+K14)/2 -> 11.551656 | N14: =(B14+C14+K14)/3 -> 10.23777
A15: 2002 | B15: =_xlfn.XLOOKUP(A15,'Youth Unemployment Rate (World '!C13,'Youth Unemployment Rate (World '!D13) -> 20.76 | C15: =_xlfn.XLOOKUP(A15,'Overall (Adult) Unemployment Ra'!C13,'Overall (Adult) Unemployment Ra'!D13) -> 7.68 | D15: =_xlfn.XLOOKUP(A15,'Female LFPR (ILO,WB)'!C14,'Female LFPR (ILO,WB)'!D14) -> 34.57 | E15: =_xlfn.XLOOKUP(A15,'Male LFPR (ILO,WB)'!C14,'Male LFPR (ILO,WB)'!D14) -> 83.53 | F15: =_xlfn.XLOOKUP(A15,'Labour Force Participation Rate'!C14,'Labour Force Participation Rate'!D14) -> 59.77 | G15: {=_xlfn.XLOOKUP(A15,'Employment by Sector (ILO,WB)'!C13,'Employment by Sector (ILO,WB)'!D13:F13)} -> 58.21 | H15: 17.06 | I15: 24.74 | J15: =_xlfn.XLOOKUP(A15,'GDP Per Capita Growth'!C13,'GDP Per Capita Growth'!D13) -> 1.94 | K15: =B15/C15 -> 2.703125 | L15: =E15-D15 -> 48.96 | M15: =(B15+K15)/2 -> 11.731563 | N15: =(B15+C15+K15)/3 -> 10.381042
... A37: 2024 | B37: =_xlfn.XLOOKUP(A37,'Youth Unemployment Rate (World '!C35,'Youth Unemployment Rate (World '!D35) -> 15.75 | C37: =_xlfn.XLOOKUP(A37,'Overall (Adult) Unemployment Ra'!C35,'Overall (Adult) Unemployment Ra'!D35) -> 4.17 | D37: =_xlfn.XLOOKUP(A37,'Female LFPR (ILO,WB)'!C36,'Female LFPR (ILO,WB)'!D36) -> 32.42 | E37: =_xlfn.XLOOKUP(A37,'Male LFPR (ILO,WB)'!C36,'Male LFPR (ILO,WB)'!D36) -> 77.59 | F37: =_xlfn.XLOOKUP(A37,'Labour Force Participation Rate'!C36,'Labour Force Participation Rate'!D36) -> 55.64 | G37: {=_xlfn.XLOOKUP(A37,'Employment by Sector (ILO,WB)'!C35,'Employment by Sector (ILO,WB)'!D35:F35)} -> 42.35 | H37: 25.37 | I37: 32.27 | J37: =_xlfn.XLOOKUP(A37,'GDP Per Capita Growth'!C35,'GDP Per Capita Growth'!D35) -> 5.55 | K37: =B37/C37 -> 3.7769784 | L37: =E37-D37 -> 45.17 | M37: =(B37+K37)/2 -> 9.7634892 | N37: =(B37+C37+K37)/3 -> 7.8989928
A38: 2025 | B38: =_xlfn.XLOOKUP(A38,'Youth Unemployment Rate (World '!C36,'Youth Unemployment Rate (World '!D36) -> 16.02 | C38: =_xlfn.XLOOKUP(A38,'Overall (Adult) Unemployment Ra'!C36,'Overall (Adult) Unemployment Ra'!D36) -> 4.22 | D38: =_xlfn.XLOOKUP(A38,'Female LFPR (ILO,WB)'!C37,'Female LFPR (ILO,WB)'!D37) -> 32.43 | E38: =_xlfn.XLOOKUP(A38,'Male LFPR (ILO,WB)'!C37,'Male LFPR (ILO,WB)'!D37) -> 77.62 | F38: =_xlfn.XLOOKUP(A38,'Labour Force Participation Rate'!C37,'Labour Force Participation Rate'!D37) -> 55.66 | G38: {=_xlfn.XLOOKUP(A38,'Employment by Sector (ILO,WB)'!C36,'Employment by Sector (ILO,WB)'!D36:F36)} -> 41.63 | H38: 25.82 | I38: 32.56 | J38: =_xlfn.XLOOKUP(A38,'GDP Per Capita Growth'!C36, " ") | K38: =B38/C38 -> 3.7962085 | L38: =E38-D38 -> 45.19 | M38: =(B38+K38)/2 -> 9.9081043 | N38: =(B38+C38+K38)/3 -> 8.0120695
